,Education,Key
0,Ambedkar University Delhi,eyJzY2hvb2w6MCI6IntcIm5hbWVcIjpcInVzZXJzX3NjaG9vbFwiLFwiYXJnc1wiOlwiMjIzNTY3MzA0Mzc2MTkyXCJ9In0%3D
1,Jamia Hamdard,eyJzY2hvb2w6MCI6IntcIm5hbWVcIjpcInVzZXJzX3NjaG9vbFwiLFwiYXJnc1wiOlwiMTA0MDA4MTg5NjM1OTY4XCJ9In0%3D
2,Apeejay Institute of Design,eyJzY2hvb2w6MCI6IntcIm5hbWVcIjpcInVzZXJzX3NjaG9vbFwiLFwiYXJnc1wiOlwiMTY0ODM2ODk4MjEwNjA3NVwifSJ9
3,DU,eyJzY2hvb2w6MCI6IntcIm5hbWVcIjpcInVzZXJzX3NjaG9vbFwiLFwiYXJnc1wiOlwiMzY4NjU5Mzc2NTQxODkxXCJ9In0%3D
4,Jamia Millia Islamia,eyJzY2hvb2w6MCI6IntcIm5hbWVcIjpcInVzZXJzX3NjaG9vbFwiLFwiYXJnc1wiOlwiMTA5NjA2NTMyMzc3MjMwNlwifSJ9
5,National University of Educational Planning and Administration,eyJzY2hvb2w6MCI6IntcIm5hbWVcIjpcInVzZXJzX3NjaG9vbFwiLFwiYXJnc1wiOlwiMzAwOTg1MDUzNDMwNTgxXCJ9In0%3D
6,Indira Gandhi National Open University,eyJzY2hvb2w6MCI6IntcIm5hbWVcIjpcInVzZXJzX3NjaG9vbFwiLFwiYXJnc1wiOlwiMTA1NTg0OTY2MTQwODY3XCJ9In0%3D
7,"Jamia Millia Islamia, New Delhi",eyJzY2hvb2w6MCI6IntcIm5hbWVcIjpcInVzZXJzX3NjaG9vbFwiLFwiYXJnc1wiOlwiMTA5NjA2NTMyMzc3MjMwNlwifSJ9
8,Hindu College,eyJzY2hvb2w6MCI6IntcIm5hbWVcIjpcInVzZXJzX3NjaG9vbFwiLFwiYXJnc1wiOlwiMjQ1MDk3NDE1NTYzMDQyXCJ9In0%3D
9,TERI University,eyJzY2hvb2w6MCI6IntcIm5hbWVcIjpcInVzZXJzX3NjaG9vbFwiLFwiYXJnc1wiOlwiMTE0NjM5MDkxOTY2NzcyXCJ9In0%3D
10,Kirori Mal College,eyJzY2hvb2w6MCI6IntcIm5hbWVcIjpcInVzZXJzX3NjaG9vbFwiLFwiYXJnc1wiOlwiMTEyNzA3NDc4NzQwODAxXCJ9In0%3D
11,"Institute of Hotel Management,Pusa, New Delhi-110012",eyJzY2hvb2w6MCI6IntcIm5hbWVcIjpcInVzZXJzX3NjaG9vbFwiLFwiYXJnc1wiOlwiMTQ3MzE3ODQ4NjExMDEyMlwifSJ9
12,Mount Carmel Business School,eyJzY2hvb2w6MCI6IntcIm5hbWVcIjpcInVzZXJzX3NjaG9vbFwiLFwiYXJnc1wiOlwiMTA4NTU5NTQ5MTY0NzEwXCJ9In0%3D
13,Ram Lal Anand College,eyJzY2hvb2w6MCI6IntcIm5hbWVcIjpcInVzZXJzX3NjaG9vbFwiLFwiYXJnc1wiOlwiNjczOTU4OTI5MzYzMDM4XCJ9In0%3D
14,"IARI, PUSA, New Delhi",eyJzY2hvb2w6MCI6IntcIm5hbWVcIjpcInVzZXJzX3NjaG9vbFwiLFwiYXJnc1wiOlwiMjQyNjUwNDc5MTQ5MDI4XCJ9In0%3D
15,Shri Lal Bahadur Shastri National Sanskrit University,eyJzY2hvb2w6MCI6IntcIm5hbWVcIjpcInVzZXJzX3NjaG9vbFwiLFwiYXJnc1wiOlwiNTQwMTQ4Nzk5NDQxNjk3XCJ9In0%3D
16,Indian Institute of Planning and Management (IIPM),eyJzY2hvb2w6MCI6IntcIm5hbWVcIjpcInVzZXJzX3NjaG9vbFwiLFwiYXJnc1wiOlwiMTQ3NDU5NjY4NjIzMDYzXCJ9In0%3D
17,South Asian University,eyJzY2hvb2w6MCI6IntcIm5hbWVcIjpcInVzZXJzX3NjaG9vbFwiLFwiYXJnc1wiOlwiMTAxMjA5MjY5ODgzOTE0OFwifSJ9
18,St. John's Medical College,eyJzY2hvb2w6MCI6IntcIm5hbWVcIjpcInVzZXJzX3NjaG9vbFwiLFwiYXJnc1wiOlwiMTA2MDg3NzUyNzU1MzExXCJ9In0%3D
19,Aryabhatta College,eyJzY2hvb2w6MCI6IntcIm5hbWVcIjpcInVzZXJzX3NjaG9vbFwiLFwiYXJnc1wiOlwiNTM1NTAzMjQ5OTQyMjM1XCJ9In0%3D
20,Bhim Rao Ambedkar College,eyJzY2hvb2w6MCI6IntcIm5hbWVcIjpcInVzZXJzX3NjaG9vbFwiLFwiYXJnc1wiOlwiMTA1NTQ3NTI2MTQ1ODk2XCJ9In0%3D
21,Delhi School of Music,eyJzY2hvb2w6MCI6IntcIm5hbWVcIjpcInVzZXJzX3NjaG9vbFwiLFwiYXJnc1wiOlwiMTU3NTQ5MDY3NjAyMzg1XCJ9In0%3D
22,Kasturi Ram College of Higher Education,eyJzY2hvb2w6MCI6IntcIm5hbWVcIjpcInVzZXJzX3NjaG9vbFwiLFwiYXJnc1wiOlwiMTU0MTkzMzgxNzc2NTY4XCJ9In0%3D
23,Shaheed Sukhdev College of Business Studies,eyJzY2hvb2w6MCI6IntcIm5hbWVcIjpcInVzZXJzX3NjaG9vbFwiLFwiYXJnc1wiOlwiMTc4MzY4MzEyMjE2MTAwXCJ9In0%3D
24,Lady irwin college,eyJzY2hvb2w6MCI6IntcIm5hbWVcIjpcInVzZXJzX3NjaG9vbFwiLFwiYXJnc1wiOlwiMTIyMTEzNzgxMjIzNTAzXCJ9In0%3D
25,"Loyola College, Chennai",eyJzY2hvb2w6MCI6IntcIm5hbWVcIjpcInVzZXJzX3NjaG9vbFwiLFwiYXJnc1wiOlwiOTU2MTY3NzU0Mzk5MzAyXCJ9In0%3D
26,"National Institute of Technology, Delhi",eyJzY2hvb2w6MCI6IntcIm5hbWVcIjpcInVzZXJzX3NjaG9vbFwiLFwiYXJnc1wiOlwiMjc3MTIzMDI1NzM2MDU0XCJ9In0%3D
27,Indira Gandhi Delhi Technical University for Women,eyJzY2hvb2w6MCI6IntcIm5hbWVcIjpcInVzZXJzX3NjaG9vbFwiLFwiYXJnc1wiOlwiMTE4NzAzNjgxNTQxMTI4XCJ9In0%3D
28,"St Stephen's College, Delhi",eyJzY2hvb2w6MCI6IntcIm5hbWVcIjpcInVzZXJzX3NjaG9vbFwiLFwiYXJnc1wiOlwiMTA2MDIwNDAyNzcwOTQ3XCJ9In0%3D
29,IIT Delhi,eyJzY2hvb2w6MCI6IntcIm5hbWVcIjpcInVzZXJzX3NjaG9vbFwiLFwiYXJnc1wiOlwiMjExOTI4MzQ1NTAxNDA0XCJ9In0%3D
30,Indian Agricultural Research Institute,eyJzY2hvb2w6MCI6IntcIm5hbWVcIjpcInVzZXJzX3NjaG9vbFwiLFwiYXJnc1wiOlwiMTA4MDM4MzM1ODkxMzkxXCJ9In0%3D
31,Delhi Technological University,eyJzY2hvb2w6MCI6IntcIm5hbWVcIjpcInVzZXJzX3NjaG9vbFwiLFwiYXJnc1wiOlwiOTg1MTMxODMxNTQ0MTQ0XCJ9In0%3D
32,National Law School of India University,eyJzY2hvb2w6MCI6IntcIm5hbWVcIjpcInVzZXJzX3NjaG9vbFwiLFwiYXJnc1wiOlwiMTQ2OTA5OTMwMDA2NTcxM1wifSJ9
33,NIT Rourkela,eyJzY2hvb2w6MCI6IntcIm5hbWVcIjpcInVzZXJzX3NjaG9vbFwiLFwiYXJnc1wiOlwiMTEwMjY3MzIyMzM1MjM2XCJ9In0%3D
34,PGDAV College,eyJzY2hvb2w6MCI6IntcIm5hbWVcIjpcInVzZXJzX3NjaG9vbFwiLFwiYXJnc1wiOlwiNzM0NjY2NjMzMzgwNTM4XCJ9In0%3D
35,AIIMS,eyJzY2hvb2w6MCI6IntcIm5hbWVcIjpcInVzZXJzX3NjaG9vbFwiLFwiYXJnc1wiOlwiMTEyMDcwNTIyMTQ1ODMyXCJ9In0%3D
36,H.R.College,eyJzY2hvb2w6MCI6IntcIm5hbWVcIjpcInVzZXJzX3NjaG9vbFwiLFwiYXJnc1wiOlwiMTE0NzIyOTM1MjEwMDkzXCJ9In0%3D
37,GGSIPU,eyJzY2hvb2w6MCI6IntcIm5hbWVcIjpcInVzZXJzX3NjaG9vbFwiLFwiYXJnc1wiOlwiMTA4ODMwMTU5MTQ4MjM4XCJ9In0%3D
38,Bhaskaracharya College of Applied Sciences,eyJzY2hvb2w6MCI6IntcIm5hbWVcIjpcInVzZXJzX3NjaG9vbFwiLFwiYXJnc1wiOlwiMTIwNDkzNTU0NjM0OTQyXCJ9In0%3D
39,"National Museum Institute of the History of Art, Conservation and Museology",eyJzY2hvb2w6MCI6IntcIm5hbWVcIjpcInVzZXJzX3NjaG9vbFwiLFwiYXJnc1wiOlwiMzgyMTA4Mjg1MjcyMzkxXCJ9In0%3D
40,IGNOU,eyJzY2hvb2w6MCI6IntcIm5hbWVcIjpcInVzZXJzX3NjaG9vbFwiLFwiYXJnc1wiOlwiMTEyMDY5NTI1NDg1OTEyXCJ9In0%3D
41,"Indian Agricultural Research Institute, New Delhi",eyJzY2hvb2w6MCI6IntcIm5hbWVcIjpcInVzZXJzX3NjaG9vbFwiLFwiYXJnc1wiOlwiMTA4MDM4MzM1ODkxMzkxXCJ9In0%3D
42,Gargi College,eyJzY2hvb2w6MCI6IntcIm5hbWVcIjpcInVzZXJzX3NjaG9vbFwiLFwiYXJnc1wiOlwiNTI5MzA1NDMwNDE1NzU2XCJ9In0%3D
43,Indian Statistical Institute,eyJzY2hvb2w6MCI6IntcIm5hbWVcIjpcInVzZXJzX3NjaG9vbFwiLFwiYXJnc1wiOlwiNTM2MzQzODk2Mzg1OTcyXCJ9In0%3D
44,Lady Shri Ram College,eyJzY2hvb2w6MCI6IntcIm5hbWVcIjpcInVzZXJzX3NjaG9vbFwiLFwiYXJnc1wiOlwiMTkwMTYzODkxMDAyNjk1XCJ9In0%3D
45,"Global Institute of Technology and Management, Gurgaon",eyJzY2hvb2w6MCI6IntcIm5hbWVcIjpcInVzZXJzX3NjaG9vbFwiLFwiYXJnc1wiOlwiMjU0MDUwMzI0NjMwMDAyXCJ9In0%3D
46,National Institute of Fashion Technology,eyJzY2hvb2w6MCI6IntcIm5hbWVcIjpcInVzZXJzX3NjaG9vbFwiLFwiYXJnc1wiOlwiMTAxNDI3NzU2NTM1MDc1NlwifSJ9
47,Miranda House,eyJzY2hvb2w6MCI6IntcIm5hbWVcIjpcInVzZXJzX3NjaG9vbFwiLFwiYXJnc1wiOlwiMTA3OTMwOTc1OTAxMzM0XCJ9In0%3D
48,Delhi Music Academy,eyJzY2hvb2w6MCI6IntcIm5hbWVcIjpcInVzZXJzX3NjaG9vbFwiLFwiYXJnc1wiOlwiMTYyNTc5NjIzOTI4MzQ3XCJ9In0%3D
49,Sri Venkateswara College,eyJzY2hvb2w6MCI6IntcIm5hbWVcIjpcInVzZXJzX3NjaG9vbFwiLFwiYXJnc1wiOlwiMTA4MTcyNTQ5MjAzODc1XCJ9In0%3D
50,National School of Drama,eyJzY2hvb2w6MCI6IntcIm5hbWVcIjpcInVzZXJzX3NjaG9vbFwiLFwiYXJnc1wiOlwiMTk1MTU3MzM3MTg1NzQ1XCJ9In0%3D
51,IIT Ropar,eyJzY2hvb2w6MCI6IntcIm5hbWVcIjpcInVzZXJzX3NjaG9vbFwiLFwiYXJnc1wiOlwiMTk1MTU3MzM3MTg1NzQ1XCJ9In0%3D
52,Indian Institute of Foreign Trade,eyJzY2hvb2w6MCI6IntcIm5hbWVcIjpcInVzZXJzX3NjaG9vbFwiLFwiYXJnc1wiOlwiMTExOTcwODI4ODE5MDU5XCJ9In0%3D
53,A.R.S.D College,eyJzY2hvb2w6MCI6IntcIm5hbWVcIjpcInVzZXJzX3NjaG9vbFwiLFwiYXJnc1wiOlwiMTg0MzU4MTIxNjk1NTI1XCJ9In0%3D
54,Maulana Azad Medical College,eyJzY2hvb2w6MCI6IntcIm5hbWVcIjpcInVzZXJzX3NjaG9vbFwiLFwiYXJnc1wiOlwiMTEyMjMyNjk4NzkwNzc4XCJ9In0%3D
55,Indian Institute of Mass Communication,eyJzY2hvb2w6MCI6IntcIm5hbWVcIjpcInVzZXJzX3NjaG9vbFwiLFwiYXJnc1wiOlwiMjY3Nzc0MzgwNTYwMTE2NlwifSJ9
56,University of Delhi,eyJzY2hvb2w6MCI6IntcIm5hbWVcIjpcInVzZXJzX3NjaG9vbFwiLFwiYXJnc1wiOlwiMTk4MjQ3ODA2ODY2MTQxXCJ9In0%3D
57,College of Vocational Studies,eyJzY2hvb2w6MCI6IntcIm5hbWVcIjpcInVzZXJzX3NjaG9vbFwiLFwiYXJnc1wiOlwiMTA3NDE3Njg3MzEyMTk1XCJ9In0%3D
58,IIIT Delhi,eyJzY2hvb2w6MCI6IntcIm5hbWVcIjpcInVzZXJzX3NjaG9vbFwiLFwiYXJnc1wiOlwiMjMxMzg3OTkwMjExNTcyXCJ9In0%3D
59,"GGSIP University, Dwarka, Delhi",eyJzY2hvb2w6MCI6IntcIm5hbWVcIjpcInVzZXJzX3NjaG9vbFwiLFwiYXJnc1wiOlwiOTg0MTU1NTk4MjcxODA5XCJ9In0%3D
60,Delhi Pharmaceutical Science and Research University,eyJzY2hvb2w6MCI6IntcIm5hbWVcIjpcInVzZXJzX3NjaG9vbFwiLFwiYXJnc1wiOlwiMTEwNDU0NDQ3NjM0NzE2OVwifSJ9
61,Government Engineering College,eyJzY2hvb2w6MCI6IntcIm5hbWVcIjpcInVzZXJzX3NjaG9vbFwiLFwiYXJnc1wiOlwiMTcyNjI3MjYyODczOTk2XCJ9In0%3D
62,JMI,eyJzY2hvb2w6MCI6IntcIm5hbWVcIjpcInVzZXJzX3NjaG9vbFwiLFwiYXJnc1wiOlwiMTA4NjY2Nzk5MTY0NDEzXCJ9In0%3D
63,"Armed Forces Medical College, Pune",eyJzY2hvb2w6MCI6IntcIm5hbWVcIjpcInVzZXJzX3NjaG9vbFwiLFwiYXJnc1wiOlwiMzY3NDIwNTA2NjQwNDQyXCJ9In0%3D
64,IIMC,eyJzY2hvb2w6MCI6IntcIm5hbWVcIjpcInVzZXJzX3NjaG9vbFwiLFwiYXJnc1wiOlwiMjU2OTA1NDk0MzU2MzkzXCJ9In0%3D
65,"Jamia Milia Islamia, Jamia Nagar, Delhi",eyJzY2hvb2w6MCI6IntcIm5hbWVcIjpcInVzZXJzX3NjaG9vbFwiLFwiYXJnc1wiOlwiMTUwNTgxODE3NjMyNjQ5OFwifSJ9
0,GREEN LAND PUBLIC SCHOOL,eyJzY2hvb2w6MCI6IntcIm5hbWVcIjpcInVzZXJzX3NjaG9vbFwiLFwiYXJnc1wiOlwiMTM2ODI0MDcxOTkwMTg0NFwifSJ9
1,GEETA BAL BHARTI SR. SEC. SCHOOL,eyJzY2hvb2w6MCI6IntcIm5hbWVcIjpcInVzZXJzX3NjaG9vbFwiLFwiYXJnc1wiOlwiNDg3ODQ5MDg0NjkwODA1XCJ9In0%3D
2,GYANDEEP SHIKSHA NIKETAN,eyJzY2hvb2w6MCI6IntcIm5hbWVcIjpcInVzZXJzX3NjaG9vbFwiLFwiYXJnc1wiOlwiMTAxNTIyMDEyMDU1NzA4XCJ9In0%3D
3,PUNEET PUBLIC SCHOOL,eyJzY2hvb2w6MCI6IntcIm5hbWVcIjpcInVzZXJzX3NjaG9vbFwiLFwiYXJnc1wiOlwiMTU1NzI0MzQ1NzYzNjY5OFwifSJ9
4,HAPPY PUBLIC SCHOOL,eyJzY2hvb2w6MCI6IntcIm5hbWVcIjpcInVzZXJzX3NjaG9vbFwiLFwiYXJnc1wiOlwiMjc5NzQyMjY1Mzc0MTUzXCJ9In0%3D
5,AMAR JYOTI SCHOOL,eyJzY2hvb2w6MCI6IntcIm5hbWVcIjpcInVzZXJzX3NjaG9vbFwiLFwiYXJnc1wiOlwiMTc1NTgzNDU5Nzc0MTQxXCJ9In0%3D
6,MODERN MONTESSORI SCHOOL,eyJzY2hvb2w6MCI6IntcIm5hbWVcIjpcInVzZXJzX3NjaG9vbFwiLFwiYXJnc1wiOlwiMzQyNjA4NDQ1ODQzMDMzXCJ9In0%3D
7,ARUNODAYA PUBLIC SCHOOL,eyJzY2hvb2w6MCI6IntcIm5hbWVcIjpcInVzZXJzX3NjaG9vbFwiLFwiYXJnc1wiOlwiMjIxNzY0NDAxMTgxNTgwXCJ9In0%3D
8,BHARAT NATIONAL PUBLIC SCHOOL,eyJzY2hvb2w6MCI6IntcIm5hbWVcIjpcInVzZXJzX3NjaG9vbFwiLFwiYXJnc1wiOlwiMTI5MzkxNDQ3MTAxMjI1XCJ9In0%3D
9,PANCHSHEEL PUBLIC SCHOOL,eyJzY2hvb2w6MCI6IntcIm5hbWVcIjpcInVzZXJzX3NjaG9vbFwiLFwiYXJnc1wiOlwiMTc0OTQ1NTY3ODYyNDE3MlwifSJ9
10,BHAI PARMAMAND VIDYA MANDIR,eyJzY2hvb2w6MCI6IntcIm5hbWVcIjpcInVzZXJzX3NjaG9vbFwiLFwiYXJnc1wiOlwiNzMzNjQ3MTEzNDc2Mzg5XCJ9In0%3D
11,ST. JOSEPHS ACADEMY,eyJzY2hvb2w6MCI6IntcIm5hbWVcIjpcInVzZXJzX3NjaG9vbFwiLFwiYXJnc1wiOlwiMTUyMDAyNTI4MjI3OTU3XCJ9In0%3D
12,NATIONAL PUBLIC SCHOOL,eyJzY2hvb2w6MCI6IntcIm5hbWVcIjpcInVzZXJzX3NjaG9vbFwiLFwiYXJnc1wiOlwiMTcwMTg1MjUwMDA1OTE2N1wifSJ9
13,SAROJ MONTESSORI,eyJzY2hvb2w6MCI6IntcIm5hbWVcIjpcInVzZXJzX3NjaG9vbFwiLFwiYXJnc1wiOlwiMjMwMjQwMTM3MDEyODc1XCJ9In0%3D
14,RANI SHARDA VIDYA MANDIR,eyJzY2hvb2w6MCI6IntcIm5hbWVcIjpcInVzZXJzX3NjaG9vbFwiLFwiYXJnc1wiOlwiNDg2MjQzNTI0ODc3MzkwXCJ9In0%3D
15,DAV PUBLIC SCHOOL,eyJzY2hvb2w6MCI6IntcIm5hbWVcIjpcInVzZXJzX3NjaG9vbFwiLFwiYXJnc1wiOlwiMjEyOTg2Mzg4NzI2NTUyXCJ9In0%3D
16,DAYANAND MODEL SECONDARY SCHOOL,eyJzY2hvb2w6MCI6IntcIm5hbWVcIjpcInVzZXJzX3NjaG9vbFwiLFwiYXJnc1wiOlwiODIzODk0NDk3NjYzNTQ0XCJ9In0%3D
17,NEW CAMBRIDGE PUBLIC SCHOOL,eyJzY2hvb2w6MCI6IntcIm5hbWVcIjpcInVzZXJzX3NjaG9vbFwiLFwiYXJnc1wiOlwiMTM5NzIyOTE2NzQ0MDYwXCJ9In0%3D
18,VIVEKANAND PUBLIC SCHOOL,eyJzY2hvb2w6MCI6IntcIm5hbWVcIjpcInVzZXJzX3NjaG9vbFwiLFwiYXJnc1wiOlwiMjI5NTI3ODQzNzI5MDYwXCJ9In0%3D
19,VIVEKANAND SCHOOL,eyJzY2hvb2w6MCI6IntcIm5hbWVcIjpcInVzZXJzX3NjaG9vbFwiLFwiYXJnc1wiOlwiMTU0ODEyOTY0NjI1NDA3XCJ9In0%3D
20,DAV PUBLIC SCHOOL,eyJzY2hvb2w6MCI6IntcIm5hbWVcIjpcInVzZXJzX3NjaG9vbFwiLFwiYXJnc1wiOlwiMjEyOTg2Mzg4NzI2NTUyXCJ9In0%3D
21,GREENWAY MODERN SCHOOL,eyJzY2hvb2w6MCI6IntcIm5hbWVcIjpcInVzZXJzX3NjaG9vbFwiLFwiYXJnc1wiOlwiNDgxODE4NzQyMjEzMDUwXCJ9In0%3D
22,Guru Harkrishan Public School,eyJzY2hvb2w6MCI6IntcIm5hbWVcIjpcInVzZXJzX3NjaG9vbFwiLFwiYXJnc1wiOlwiMTY5NTM5MTM4NzM5MDY2M1wifSJ9
23,ST. Johns Academy,eyJzY2hvb2w6MCI6IntcIm5hbWVcIjpcInVzZXJzX3NjaG9vbFwiLFwiYXJnc1wiOlwiMTI5NTgyODkwNDE0NTkyXCJ9In0%3D
24,Dashmesh Public School,eyJzY2hvb2w6MCI6IntcIm5hbWVcIjpcInVzZXJzX3NjaG9vbFwiLFwiYXJnc1wiOlwiMTMxNjU5NTgzNTMyMDM0XCJ9In0%3D
25,G D Goenka Public School,eyJzY2hvb2w6MCI6IntcIm5hbWVcIjpcInVzZXJzX3NjaG9vbFwiLFwiYXJnc1wiOlwiMTE2OTMzNzU1MTIxMDQ1XCJ9In0%3D
26,Happy English School,eyJzY2hvb2w6MCI6IntcIm5hbWVcIjpcInVzZXJzX3NjaG9vbFwiLFwiYXJnc1wiOlwiMTM4Nzg5MTE2MTk5MzQxXCJ9In0%3D
27,Green Field Public School,eyJzY2hvb2w6MCI6IntcIm5hbWVcIjpcInVzZXJzX3NjaG9vbFwiLFwiYXJnc1wiOlwiMTQ2MDgzNDk2MzkzMTAxMVwifSJ9
28,NEW OXFORD PUBLIC SCHOOL,eyJzY2hvb2w6MCI6IntcIm5hbWVcIjpcInVzZXJzX3NjaG9vbFwiLFwiYXJnc1wiOlwiMjg0NTgzODM4NjYyNzY5XCJ9In0%3D
29,BHARAT BHARTI PUBLIC SCHOOL,eyJzY2hvb2w6MCI6IntcIm5hbWVcIjpcInVzZXJzX3NjaG9vbFwiLFwiYXJnc1wiOlwiNDA1MDcxNDU5OTEwOTc1XCJ9In0%3D
30,Vidhya Bal Bhawan School,eyJzY2hvb2w6MCI6IntcIm5hbWVcIjpcInVzZXJzX3NjaG9vbFwiLFwiYXJnc1wiOlwiMjQ2ODM1MzgyNTA3ODI5XCJ9In0%3D
31,KESHAV VIDYA MANDIR,eyJzY2hvb2w6MCI6IntcIm5hbWVcIjpcInVzZXJzX3NjaG9vbFwiLFwiYXJnc1wiOlwiMTE3NzA5Mjc2NTY2NzQ2MVwifSJ9
32,SALWAN PUBLIC SCHOOL,eyJzY2hvb2w6MCI6IntcIm5hbWVcIjpcInVzZXJzX3NjaG9vbFwiLFwiYXJnc1wiOlwiMjAyODkxNDMzMDg0MjY4XCJ9In0%3D
33,NATIONAL VICTOR PUBLIC SCHOOL,eyJzY2hvb2w6MCI6IntcIm5hbWVcIjpcInVzZXJzX3NjaG9vbFwiLFwiYXJnc1wiOlwiNDI4NzgyNjM3MzI5MjUxXCJ9In0%3D
34,SOMERVILLE SCHOOL,eyJzY2hvb2w6MCI6IntcIm5hbWVcIjpcInVzZXJzX3NjaG9vbFwiLFwiYXJnc1wiOlwiMTg0MjkyMjE0OTg5ODY0XCJ9In0%3D
35,ASN SR. SEC SCHOOL,eyJzY2hvb2w6MCI6IntcIm5hbWVcIjpcInVzZXJzX3NjaG9vbFwiLFwiYXJnc1wiOlwiMTAyNTg5NDQzMTE5MjgzXCJ9In0%3D
36,PLATO PUBLIC SCHOOL,eyJzY2hvb2w6MCI6IntcIm5hbWVcIjpcInVzZXJzX3NjaG9vbFwiLFwiYXJnc1wiOlwiMTMzMjg2NzUzMzYwMTgwXCJ9In0%3D
37,ST. ANDREWS SCOTS. SR.SEC. SCHOOL,eyJzY2hvb2w6MCI6IntcIm5hbWVcIjpcInVzZXJzX3NjaG9vbFwiLFwiYXJnc1wiOlwiMTExNzA2MzIyNzE3NjYyXCJ9In0%3D
38,BAL BHAVAN PUBLIC SCHOOL,eyJzY2hvb2w6MCI6IntcIm5hbWVcIjpcInVzZXJzX3NjaG9vbFwiLFwiYXJnc1wiOlwiMzcwMDk1MTUzMDYyMjU1XCJ9In0%3D
39,Mothers Global School,eyJzY2hvb2w6MCI6IntcIm5hbWVcIjpcInVzZXJzX3NjaG9vbFwiLFwiYXJnc1wiOlwiMjE3NDMzMDk1NzAzMTM3XCJ9In0%3D
40,PREET PUBLIC SEC. SCHOOL,eyJzY2hvb2w6MCI6IntcIm5hbWVcIjpcInVzZXJzX3NjaG9vbFwiLFwiYXJnc1wiOlwiMTI2NzExODM3NDE4ODEyXCJ9In0%3D
41,East Point School,eyJzY2hvb2w6MCI6IntcIm5hbWVcIjpcInVzZXJzX3NjaG9vbFwiLFwiYXJnc1wiOlwiMTIwNTkyNDUxMzE4OTYzXCJ9In0%3D
42,HARVARD ACADEMY,eyJzY2hvb2w6MCI6IntcIm5hbWVcIjpcInVzZXJzX3NjaG9vbFwiLFwiYXJnc1wiOlwiMTM5NTU2OTc2NjU3NTM0XCJ9In0%3D
0,ADARSH VIDYA BHAWAN,eyJzY2hvb2w6MCI6IntcIm5hbWVcIjpcInVzZXJzX3NjaG9vbFwiLFwiYXJnc1wiOlwiMzg3ODkzMzA1MDA0Njg4XCJ9In0%3D
1,MAYUR PUBLIC SCHOOL,eyJzY2hvb2w6MCI6IntcIm5hbWVcIjpcInVzZXJzX3NjaG9vbFwiLFwiYXJnc1wiOlwiMTA1NjMyOTM5NDcwNDg4XCJ9In0%3D
2,RISHABH PUBLIC SCHOOL,eyJzY2hvb2w6MCI6IntcIm5hbWVcIjpcInVzZXJzX3NjaG9vbFwiLFwiYXJnc1wiOlwiMTk2NDI2MjAzNzIwMzIwXCJ9In0%3D
3,MAYO INTERNATIONAL SCHOOL,eyJzY2hvb2w6MCI6IntcIm5hbWVcIjpcInVzZXJzX3NjaG9vbFwiLFwiYXJnc1wiOlwiMTk2NDI2MjAzNzIwMzIwXCJ9In0%3D
4,SANKAR PUBLIC SCHOOL,eyJzY2hvb2w6MCI6IntcIm5hbWVcIjpcInVzZXJzX3NjaG9vbFwiLFwiYXJnc1wiOlwiMTYxNTUwNDQzODU0MDQyMlwifSJ9
5,BAPU PUBLIC SCHOOL,eyJzY2hvb2w6MCI6IntcIm5hbWVcIjpcInVzZXJzX3NjaG9vbFwiLFwiYXJnc1wiOlwiMTU1NDc5NzQ1MjE0NDQzXCJ9In0%3D
6,ASTER PUBLIC SCHOOL,eyJzY2hvb2w6MCI6IntcIm5hbWVcIjpcInVzZXJzX3NjaG9vbFwiLFwiYXJnc1wiOlwiNjMwODYyNzIzNjQ5NDQzXCJ9In0%3D
7,G.C.PUBLIC SCHOOL,eyJzY2hvb2w6MCI6IntcIm5hbWVcIjpcInVzZXJzX3NjaG9vbFwiLFwiYXJnc1wiOlwiMjMyNzI4NTMzNDA3MDM2XCJ9In0%3D
8,ANGLO INDIAN PUBLIC SCHOOL,eyJzY2hvb2w6MCI6IntcIm5hbWVcIjpcInVzZXJzX3NjaG9vbFwiLFwiYXJnc1wiOlwiMTA0NzQ5MzI0NTM1MDkwM1wifSJ9
9,MOTHERS CONVENT SCHOOL,eyJzY2hvb2w6MCI6IntcIm5hbWVcIjpcInVzZXJzX3NjaG9vbFwiLFwiYXJnc1wiOlwiMzA1MTUzNDUzMTcwOTYyXCJ9In0%3D
10,RAJDHANI PUBLIC SCHOOL,eyJzY2hvb2w6MCI6IntcIm5hbWVcIjpcInVzZXJzX3NjaG9vbFwiLFwiYXJnc1wiOlwiMTg4OTIxNjE2MTM1NTk2OFwifSJ9
11,CENTRAL PUBLIC SCHOOL,eyJzY2hvb2w6MCI6IntcIm5hbWVcIjpcInVzZXJzX3NjaG9vbFwiLFwiYXJnc1wiOlwiMTUzMDk3MTE4NjU3ODg0XCJ9In0%3D
12,LAV KUSH PUBLIC SCHOOL,eyJzY2hvb2w6MCI6IntcIm5hbWVcIjpcInVzZXJzX3NjaG9vbFwiLFwiYXJnc1wiOlwiMTAyNTk3NDc4NTkwMDY5XCJ9In0%3D
13,DELHI CONVENT SCHOOL,eyJzY2hvb2w6MCI6IntcIm5hbWVcIjpcInVzZXJzX3NjaG9vbFwiLFwiYXJnc1wiOlwiMTAwNDk0MDMwOTU3NzExMlwifSJ9
14,ANDHRA EDUCATION SOCIETY,eyJzY2hvb2w6MCI6IntcIm5hbWVcIjpcInVzZXJzX3NjaG9vbFwiLFwiYXJnc1wiOlwiNTcyNzU0OTg5NDIyMjQwXCJ9In0%3D
15,GAUTAM PUBLIC SCHOOL,eyJzY2hvb2w6MCI6IntcIm5hbWVcIjpcInVzZXJzX3NjaG9vbFwiLFwiYXJnc1wiOlwiMTI5MzMxOTg3MTA2MTQ4XCJ9In0%3D
16,YOG BHARTI PUBLIC SCHOOL,eyJzY2hvb2w6MCI6IntcIm5hbWVcIjpcInVzZXJzX3NjaG9vbFwiLFwiYXJnc1wiOlwiMzY5MjQ3ODE5ODgzMDU3XCJ9In0%3D
17,ANAND PUBLIC SCHOOL,eyJzY2hvb2w6MCI6IntcIm5hbWVcIjpcInVzZXJzX3NjaG9vbFwiLFwiYXJnc1wiOlwiMTM0MTU5NzM2NjA4MTQ1XCJ9In0%3D
18,EAST DELHI PUBLIC SCHOOL,eyJzY2hvb2w6MCI6IntcIm5hbWVcIjpcInVzZXJzX3NjaG9vbFwiLFwiYXJnc1wiOlwiMTM5NTQwOTMzNTc5NzM2XCJ9In0%3D
19,FLORENCE PUBLIC SCHOOL,eyJzY2hvb2w6MCI6IntcIm5hbWVcIjpcInVzZXJzX3NjaG9vbFwiLFwiYXJnc1wiOlwiMTE1MTIwOTI1MTY5MDY4XCJ9In0%3D
20,MONALISA PUBLIC SCHOOL,eyJzY2hvb2w6MCI6IntcIm5hbWVcIjpcInVzZXJzX3NjaG9vbFwiLFwiYXJnc1wiOlwiNjM2OTQxNTgzMDMyNDgzXCJ9In0%3D
21,LAKHI PUBLIC SCHOOL,eyJzY2hvb2w6MCI6IntcIm5hbWVcIjpcInVzZXJzX3NjaG9vbFwiLFwiYXJnc1wiOlwiMTAwNDU4MjU4MDg5NzYyXCJ9In0%3D
22,INDER PUBLIC SCHOOL,eyJzY2hvb2w6MCI6IntcIm5hbWVcIjpcInVzZXJzX3NjaG9vbFwiLFwiYXJnc1wiOlwiMTE3MDg5MDg1NjExNjA1XCJ9In0%3D
23,COSMOS PUBLIC SCHOOL,eyJzY2hvb2w6MCI6IntcIm5hbWVcIjpcInVzZXJzX3NjaG9vbFwiLFwiYXJnc1wiOlwiMTM3OTI4OTc5NTgwNTc1XCJ9In0%3D
24,EAST END PUBLIC SCHOOL,eyJzY2hvb2w6MCI6IntcIm5hbWVcIjpcInVzZXJzX3NjaG9vbFwiLFwiYXJnc1wiOlwiMzc4ODc3MjYyNTEyMDg2XCJ9In0%3D
25,RYAN INTERNATIONAL SCHOOL,eyJzY2hvb2w6MCI6IntcIm5hbWVcIjpcInVzZXJzX3NjaG9vbFwiLFwiYXJnc1wiOlwiMTcxOTE2NDIyODU5NTI4XCJ9In0%3D
26,SARDAR PATEL MODERN SCHOOL,eyJzY2hvb2w6MCI6IntcIm5hbWVcIjpcInVzZXJzX3NjaG9vbFwiLFwiYXJnc1wiOlwiMTA0ODYyMzIwNTI4MTkyM1wifSJ9
27,MOTI MEMORIAL PUBLIC SCHOOL,eyJzY2hvb2w6MCI6IntcIm5hbWVcIjpcInVzZXJzX3NjaG9vbFwiLFwiYXJnc1wiOlwiMTc0Mzc0Mjk2MDQzNTA1XCJ9In0%3D
28,Indal Memorial Public School,eyJzY2hvb2w6MCI6IntcIm5hbWVcIjpcInVzZXJzX3NjaG9vbFwiLFwiYXJnc1wiOlwiMjA5MzA4NzU5NTYzOTc0XCJ9In0%3D
29,St. Mary Secondary School,eyJzY2hvb2w6MCI6IntcIm5hbWVcIjpcInVzZXJzX3NjaG9vbFwiLFwiYXJnc1wiOlwiMjIyOTI5MzcxMjExODI0XCJ9In0%3D
30,Vidya Bal Bhawan Public School,eyJzY2hvb2w6MCI6IntcIm5hbWVcIjpcInVzZXJzX3NjaG9vbFwiLFwiYXJnc1wiOlwiODgwMjI5OTE4NzYwMTIxXCJ9In0%3D
31,EVERGREEN PUBLIC SCHOOL,eyJzY2hvb2w6MCI6IntcIm5hbWVcIjpcInVzZXJzX3NjaG9vbFwiLFwiYXJnc1wiOlwiMTMyNjcxMTU0MDEwMjkzXCJ9In0%3D
32,THE BAPTIST CONVENT SCHOOL,eyJzY2hvb2w6MCI6IntcIm5hbWVcIjpcInVzZXJzX3NjaG9vbFwiLFwiYXJnc1wiOlwiOTY0MDU1OTEzNjkyMTA2XCJ9In0%3D
33,S.N.MODERN SCHOOL,eyJzY2hvb2w6MCI6IntcIm5hbWVcIjpcInVzZXJzX3NjaG9vbFwiLFwiYXJnc1wiOlwiOTg3Mjc0ODg0NjM4Njc5XCJ9In0%3D
34,Mother Mary School,eyJzY2hvb2w6MCI6IntcIm5hbWVcIjpcInVzZXJzX3NjaG9vbFwiLFwiYXJnc1wiOlwiMTY5NjcxMDAxMDU1NzcxMFwifSJ9
35,Kala Niketan International School,eyJzY2hvb2w6MCI6IntcIm5hbWVcIjpcInVzZXJzX3NjaG9vbFwiLFwiYXJnc1wiOlwiODYxNzc2NTMzOTgzODQ1XCJ9In0%3D
36,Dashmesh Public School,eyJzY2hvb2w6MCI6IntcIm5hbWVcIjpcInVzZXJzX3NjaG9vbFwiLFwiYXJnc1wiOlwiMTMxNjU5NTgzNTMyMDM0XCJ9In0%3D
37,BHARTI PUBLIC SCHOOL,eyJzY2hvb2w6MCI6IntcIm5hbWVcIjpcInVzZXJzX3NjaG9vbFwiLFwiYXJnc1wiOlwiMjQ3NDQ4NTI1MjgxMDU4XCJ9In0%3D
38,UNIVERSAL PUBLIC SCHOOL,eyJzY2hvb2w6MCI6IntcIm5hbWVcIjpcInVzZXJzX3NjaG9vbFwiLFwiYXJnc1wiOlwiNjU0MjkzNzU0NzAzNDU3XCJ9In0%3D
39,Angels Public School,eyJzY2hvb2w6MCI6IntcIm5hbWVcIjpcInVzZXJzX3NjaG9vbFwiLFwiYXJnc1wiOlwiMTAzMTQ2NzMxNTU0MTc1XCJ9In0%3D
40,Amity International School,eyJzY2hvb2w6MCI6IntcIm5hbWVcIjpcInVzZXJzX3NjaG9vbFwiLFwiYXJnc1wiOlwiMTE2NjY1Mjg1MDc5OTQxXCJ9In0%3D
41,VIVEKANAND INTERNATIONAL SCHOOL,eyJzY2hvb2w6MCI6IntcIm5hbWVcIjpcInVzZXJzX3NjaG9vbFwiLFwiYXJnc1wiOlwiMTAzNTU5NDgzMzI1MTU3MVwifSJ9
42,Ahlcon International School,eyJzY2hvb2w6MCI6IntcIm5hbWVcIjpcInVzZXJzX3NjaG9vbFwiLFwiYXJnc1wiOlwiMjQ3MzE3Nzg1MzYwODA3XCJ9In0%3D
43,Dinkar National Model School,eyJzY2hvb2w6MCI6IntcIm5hbWVcIjpcInVzZXJzX3NjaG9vbFwiLFwiYXJnc1wiOlwiMjI0MTQ3OTkxMjc0NzYzMlwifSJ9
44,Delhi University,eyJzY2hvb2w6MCI6IntcIm5hbWVcIjpcInVzZXJzX3NjaG9vbFwiLFwiYXJnc1wiOlwiMzY4NjU5Mzc2NTQxODkxXCJ9In0%3D
45,indraprastha institute of information technology delhi,eyJzY2hvb2w6MCI6IntcIm5hbWVcIjpcInVzZXJzX3NjaG9vbFwiLFwiYXJnc1wiOlwiMjMxMzg3OTkwMjExNTcyXCJ9In0%3D
46,Pearl Academy,eyJzY2hvb2w6MCI6IntcIm5hbWVcIjpcInVzZXJzX3NjaG9vbFwiLFwiYXJnc1wiOlwiNjc5NzY2OTM4NzA5NjU3XCJ9In0%3D
47,Guru Gobind Singh Indraprastha University,eyJzY2hvb2w6MCI6IntcIm5hbWVcIjpcInVzZXJzX3NjaG9vbFwiLFwiYXJnc1wiOlwiMTEzNTIzMDY4NjU4NTU1XCJ9In0%3D
48,Amity University Uttar Pradesh,eyJzY2hvb2w6MCI6IntcIm5hbWVcIjpcInVzZXJzX3NjaG9vbFwiLFwiYXJnc1wiOlwiMTMxNTEyODYwMjE2NzA5XCJ9In0%3D
49,Delhi College Of Arts and Commerce,eyJzY2hvb2w6MCI6IntcIm5hbWVcIjpcInVzZXJzX3NjaG9vbFwiLFwiYXJnc1wiOlwiMTc1MjA3OTIyNTQyMzQ2XCJ9In0%3D
50,Sidheshwar High School,eyJzY2hvb2w6MCI6IntcIm5hbWVcIjpcInVzZXJzX3NjaG9vbFwiLFwiYXJnc1wiOlwiMTEzMjgxMjE4NzA1OTM3XCJ9In0%3D
51,Lady Shri Ram College for Women,eyJzY2hvb2w6MCI6IntcIm5hbWVcIjpcInVzZXJzX3NjaG9vbFwiLFwiYXJnc1wiOlwiMTEyNTU2Njg4NzU1MzAyXCJ9In0%3D
52,St. Thomas University,eyJzY2hvb2w6MCI6IntcIm5hbWVcIjpcInVzZXJzX3NjaG9vbFwiLFwiYXJnc1wiOlwiODc1MjgwODQ2MjNcIn0ifQ%3D%3D
53,Bennett University,eyJzY2hvb2w6MCI6IntcIm5hbWVcIjpcInVzZXJzX3NjaG9vbFwiLFwiYXJnc1wiOlwiODc3Nzc1MTYyMjM1NTk2XCJ9In0%3D
54,VIPS,eyJzY2hvb2w6MCI6IntcIm5hbWVcIjpcInVzZXJzX3NjaG9vbFwiLFwiYXJnc1wiOlwiMTEyNjkyOTk1NDExMzAwXCJ9In0%3D
55,National Academy of Medical Sciences,eyJzY2hvb2w6MCI6IntcIm5hbWVcIjpcInVzZXJzX3NjaG9vbFwiLFwiYXJnc1wiOlwiMTM1MDQ0MTk1NTA4OTUwMFwifSJ9
56,Punjab University,eyJzY2hvb2w6MCI6IntcIm5hbWVcIjpcInVzZXJzX3NjaG9vbFwiLFwiYXJnc1wiOlwiNDU1NTk5MTM3ODA2NjQ0XCJ9In0%3D
57,Sam Higginbottom Institute of Agriculture,eyJzY2hvb2w6MCI6IntcIm5hbWVcIjpcInVzZXJzX3NjaG9vbFwiLFwiYXJnc1wiOlwiNzIyNzI1MjQxMTAwMzg2XCJ9In0%3D
58,Law Academy,eyJzY2hvb2w6MCI6IntcIm5hbWVcIjpcInVzZXJzX3NjaG9vbFwiLFwiYXJnc1wiOlwiMTA4OTcxMjU3Mzk3MDg1XCJ9In0%3D
59,Cambridge international school jalandhar,eyJzY2hvb2w6MCI6IntcIm5hbWVcIjpcInVzZXJzX3NjaG9vbFwiLFwiYXJnc1wiOlwiMjg3MDAwMjAxODMyMTY5XCJ9In0%3D
60,GD Goenka University,eyJzY2hvb2w6MCI6IntcIm5hbWVcIjpcInVzZXJzX3NjaG9vbFwiLFwiYXJnc1wiOlwiNTY5NDAzMjE5NzY2Mzg1XCJ9In0%3D
61,NIFT Delhi,eyJzY2hvb2w6MCI6IntcIm5hbWVcIjpcInVzZXJzX3NjaG9vbFwiLFwiYXJnc1wiOlwiMTc5NTA2MTg1MzkzMzc2XCJ9In0%3D
62,NIFT,eyJzY2hvb2w6MCI6IntcIm5hbWVcIjpcInVzZXJzX3NjaG9vbFwiLFwiYXJnc1wiOlwiMTMxNjc3ODUzNTA5MTMwXCJ9In0%3D
63,ITM University Gwalior,eyJzY2hvb2w6MCI6IntcIm5hbWVcIjpcInVzZXJzX3NjaG9vbFwiLFwiYXJnc1wiOlwiMTk1MTg2OTMwNjg5NjUxXCJ9In0%3D
64,DSM Public Senior Secondary School,eyJzY2hvb2w6MCI6IntcIm5hbWVcIjpcInVzZXJzX3NjaG9vbFwiLFwiYXJnc1wiOlwiMTk1NjAwNTgzNzkxMzAxXCJ9In0%3D
65,CBK Infotech India Pvt Ltd,eyJzY2hvb2w6MCI6IntcIm5hbWVcIjpcInVzZXJzX3NjaG9vbFwiLFwiYXJnc1wiOlwiMTgwMzIzMDc5NjU4NjE5NFwifSJ9
66,LG Electronics,eyJzY2hvb2w6MCI6IntcIm5hbWVcIjpcInVzZXJzX3NjaG9vbFwiLFwiYXJnc1wiOlwiMjM4MDg5NjcyOTgzNjIyXCJ9In0%3D
67,LPU,eyJzY2hvb2w6MCI6IntcIm5hbWVcIjpcInVzZXJzX3NjaG9vbFwiLFwiYXJnc1wiOlwiMTk0OTI3NzE2NTg5XCJ9In0%3D
