,Work,Key
0,Salesforce,eyJlbXBsb3llcjowIjoie1wibmFtZVwiOlwidXNlcnNfZW1wbG95ZXJcIixcImFyZ3NcIjpcIjk0MzU1NzA3MjM5MTMyMVwifSJ9
1,Edward Jones,eyJlbXBsb3llcjowIjoie1wibmFtZVwiOlwidXNlcnNfZW1wbG95ZXJcIixcImFyZ3NcIjpcIjIwMjIyNjUyMTA5N1wifSJ9
2,Stryker,eyJlbXBsb3llcjowIjoie1wibmFtZVwiOlwidXNlcnNfZW1wbG95ZXJcIixcImFyZ3NcIjpcIjM0MzUxMTI2NTY2NjIxNFwifSJ9
3,American Express,eyJlbXBsb3llcjowIjoie1wibmFtZVwiOlwidXNlcnNfZW1wbG95ZXJcIixcImFyZ3NcIjpcIjE0MDkyNTM4NTk3MjEzNlwifSJ9
4,Kimpton Hotels & Restaurants,eyJlbXBsb3llcjowIjoie1wibmFtZVwiOlwidXNlcnNfZW1wbG95ZXJcIixcImFyZ3NcIjpcIjUxNTMwMTU4NTc3XCJ9In0%3D
5,Intuit,eyJlbXBsb3llcjowIjoie1wibmFtZVwiOlwidXNlcnNfZW1wbG95ZXJcIixcImFyZ3NcIjpcIjEyMDcyOTkwODU2MjUxOFwifSJ9
6,The Cheesecake Factory,eyJlbXBsb3llcjowIjoie1wibmFtZVwiOlwidXNlcnNfZW1wbG95ZXJcIixcImFyZ3NcIjpcIjEwNjYyODQwOTE1NFwifSJ9
7,Baird,eyJlbXBsb3llcjowIjoie1wibmFtZVwiOlwidXNlcnNfZW1wbG95ZXJcIixcImFyZ3NcIjpcIjEzNTg1MTQ5MzE1NDY5OVwifSJ9
8,Texas Health Resources,eyJlbXBsb3llcjowIjoie1wibmFtZVwiOlwidXNlcnNfZW1wbG95ZXJcIixcImFyZ3NcIjpcIjEwNjAwODc1NjA5NzA3NFwifSJ9
9,Kimley-Horn,eyJlbXBsb3llcjowIjoie1wibmFtZVwiOlwidXNlcnNfZW1wbG95ZXJcIixcImFyZ3NcIjpcIjExMTMyNjkwNDM4MzAxMVwifSJ9
10,Veterans United Home Loans,eyJlbXBsb3llcjowIjoie1wibmFtZVwiOlwidXNlcnNfZW1wbG95ZXJcIixcImFyZ3NcIjpcIjQ4MzQwNDA1NzM1XCJ9In0%3D
11,Camden Property Trust,eyJlbXBsb3llcjowIjoie1wibmFtZVwiOlwidXNlcnNfZW1wbG95ZXJcIixcImFyZ3NcIjpcIjEwNTEzMjk4MTY4MzEzNlwifSJ9
12,Navy Federal Credit Union,eyJlbXBsb3llcjowIjoie1wibmFtZVwiOlwidXNlcnNfZW1wbG95ZXJcIixcImFyZ3NcIjpcIjE2MDM0NDIwNDAxMDYzNlwifSJ9
13,Plante Moran,eyJlbXBsb3llcjowIjoie1wibmFtZVwiOlwidXNlcnNfZW1wbG95ZXJcIixcImFyZ3NcIjpcIjIwNTc2NjU2OTQ5ODI3MVwifSJ9
14,Southern Ohio Medical Center,eyJlbXBsb3llcjowIjoie1wibmFtZVwiOlwidXNlcnNfZW1wbG95ZXJcIixcImFyZ3NcIjpcIjEwNjkwMDQyNDgzNDY0NFwifSJ9
15,David Weekley Homes,eyJlbXBsb3llcjowIjoie1wibmFtZVwiOlwidXNlcnNfZW1wbG95ZXJcIixcImFyZ3NcIjpcIjgxNDY4NjQwMThcIn0ifQ%3D%3D
16,Capital One Financial,eyJlbXBsb3llcjowIjoie1wibmFtZVwiOlwidXNlcnNfZW1wbG95ZXJcIixcImFyZ3NcIjpcIjEwMDE5NTkyMDEzNzM3NlwifSJ9
17,JM Family Enterprises,eyJlbXBsb3llcjowIjoie1wibmFtZVwiOlwidXNlcnNfZW1wbG95ZXJcIixcImFyZ3NcIjpcIjIxNTgyNDI2NTMyMFwifSJ9
18,Nvidia,eyJlbXBsb3llcjowIjoie1wibmFtZVwiOlwidXNlcnNfZW1wbG95ZXJcIixcImFyZ3NcIjpcIjM5NTU5NzcwMDgxMDc4MlwifSJ9
19,Hyatt Hotels,eyJlbXBsb3llcjowIjoie1wibmFtZVwiOlwidXNlcnNfZW1wbG95ZXJcIixcImFyZ3NcIjpcIjIyNDMxNjg3NDI2NDEzOVwifSJ9
20,Quicken Loans,eyJlbXBsb3llcjowIjoie1wibmFtZVwiOlwidXNlcnNfZW1wbG95ZXJcIixcImFyZ3NcIjpcIjIwMjAzNjQxODQ1XCJ9In0%3D
21,HubSpot,eyJlbXBsb3llcjowIjoie1wibmFtZVwiOlwidXNlcnNfZW1wbG95ZXJcIixcImFyZ3NcIjpcIjE1MTQwMjQxNTI0Njc2N1wifSJ9
22,Slalom,eyJlbXBsb3llcjowIjoie1wibmFtZVwiOlwidXNlcnNfZW1wbG95ZXJcIixcImFyZ3NcIjpcIjEwNzQ5MTE4OTI4MDE4M1wifSJ9
23,Allianz Life Insurance Co. of North America,eyJlbXBsb3llcjowIjoie1wibmFtZVwiOlwidXNlcnNfZW1wbG95ZXJcIixcImFyZ3NcIjpcIjEzNTE2MDYxMzE5OTQzN1wifSJ9
24,Protiviti,eyJlbXBsb3llcjowIjoie1wibmFtZVwiOlwidXNlcnNfZW1wbG95ZXJcIixcImFyZ3NcIjpcIjIwODI2ODY2OTI1ODYzM1wifSJ9
25,Adobe,eyJlbXBsb3llcjowIjoie1wibmFtZVwiOlwidXNlcnNfZW1wbG95ZXJcIixcImFyZ3NcIjpcIjIxMjA0MDU3OTM5Mjk1MlwifSJ9
26,Pricewaterhouse- Coopers,eyJlbXBsb3llcjowIjoie1wibmFtZVwiOlwidXNlcnNfZW1wbG95ZXJcIixcImFyZ3NcIjpcIjEwOTExNDk5OTExNTQzOVwifSJ9
27,BayCare Health System,eyJlbXBsb3llcjowIjoie1wibmFtZVwiOlwidXNlcnNfZW1wbG95ZXJcIixcImFyZ3NcIjpcIjEwMDU0OTY3NTQ3OTcwOVwifSJ9
28,Marriott International,eyJlbXBsb3llcjowIjoie1wibmFtZVwiOlwidXNlcnNfZW1wbG95ZXJcIixcImFyZ3NcIjpcIjIzMDE1MTYyMDgwMDgyMVwifSJ9
29,Publix Super Markets,eyJlbXBsb3llcjowIjoie1wibmFtZVwiOlwidXNlcnNfZW1wbG95ZXJcIixcImFyZ3NcIjpcIjEwNjQ1OTI3OTM5MTMyOVwifSJ9
30,Perkins Coie,eyJlbXBsb3llcjowIjoie1wibmFtZVwiOlwidXNlcnNfZW1wbG95ZXJcIixcImFyZ3NcIjpcIjI2MzM3MTg1NzEwMTU0NlwifSJ9
31,Accenture,eyJlbXBsb3llcjowIjoie1wibmFtZVwiOlwidXNlcnNfZW1wbG95ZXJcIixcImFyZ3NcIjpcIjMxNDg3NzI3NTIyNTM1M1wifSJ9
32,Scripps Health,eyJlbXBsb3llcjowIjoie1wibmFtZVwiOlwidXNlcnNfZW1wbG95ZXJcIixcImFyZ3NcIjpcIjEyMTUwMDM5MDk1XCJ9In0%3D
33,Synchrony,eyJlbXBsb3llcjowIjoie1wibmFtZVwiOlwidXNlcnNfZW1wbG95ZXJcIixcImFyZ3NcIjpcIjExMTAyNTUxNjkyNzAyMVwifSJ9
34,Orrick,eyJjYXRlZ29yeTowIjoie1wibmFtZVwiOlwicGFnZXNfY2F0ZWdvcnlcIixcImFyZ3NcIjpcIjEwMDZcIn0ifQ%3D%3D
35,Red Hat,eyJjYXRlZ29yeTowIjoie1wibmFtZVwiOlwicGFnZXNfY2F0ZWdvcnlcIixcImFyZ3NcIjpcIjEwMDZcIn0ifQ%3D%3D
36,Power Home Remodeling,eyJlbXBsb3llcjowIjoie1wibmFtZVwiOlwidXNlcnNfZW1wbG95ZXJcIixcImFyZ3NcIjpcIjE3NzY2NDg4ODkzMDcxNVwifSJ9
37,Pluralsight,eyJlbXBsb3llcjowIjoie1wibmFtZVwiOlwidXNlcnNfZW1wbG95ZXJcIixcImFyZ3NcIjpcIjEyMTA5NTg1MTE3OFwifSJ9
38,Kronos,eyJlbXBsb3llcjowIjoie1wibmFtZVwiOlwidXNlcnNfZW1wbG95ZXJcIixcImFyZ3NcIjpcIjI1MDc4ODA4ODM2ODIxNlwifSJ9
39,American Fidelity Assurance,eyJlbXBsb3llcjowIjoie1wibmFtZVwiOlwidXNlcnNfZW1wbG95ZXJcIixcImFyZ3NcIjpcIjEzMjUyNjU5MDQ1MjI4M1wifSJ9
40,Baptist Health South Florida,eyJlbXBsb3llcjowIjoie1wibmFtZVwiOlwidXNlcnNfZW1wbG95ZXJcIixcImFyZ3NcIjpcIjEwMTEzNjgwMjA5NDIzN1wifSJ9
41,USAA,eyJlbXBsb3llcjowIjoie1wibmFtZVwiOlwidXNlcnNfZW1wbG95ZXJcIixcImFyZ3NcIjpcIjcyMzkzMzQ2NjNcIn0ifQ%3D%3D
42,Alston & Bird,eyJlbXBsb3llcjowIjoie1wibmFtZVwiOlwidXNlcnNfZW1wbG95ZXJcIixcImFyZ3NcIjpcIjEwNDA0NDA4Mjk2NjkxNlwifSJ9
43,Cooley,eyJlbXBsb3llcjowIjoie1wibmFtZVwiOlwidXNlcnNfZW1wbG95ZXJcIixcImFyZ3NcIjpcIjIwNzgwODE4OTQyNTUyNlwifSJ9
44,Workiva Inc.,eyJlbXBsb3llcjowIjoie1wibmFtZVwiOlwidXNlcnNfZW1wbG95ZXJcIixcImFyZ3NcIjpcIjEwMjQ1NTc2MTk1MDQ4M1wifSJ9
45,SAP America,eyJlbXBsb3llcjowIjoie1wibmFtZVwiOlwidXNlcnNfZW1wbG95ZXJcIixcImFyZ3NcIjpcIjExMjgxODg0ODc5OTk2MVwifSJ9
46,REI,eyJlbXBsb3llcjowIjoie1wibmFtZVwiOlwidXNlcnNfZW1wbG95ZXJcIixcImFyZ3NcIjpcIjUxNTgzODg5NTEyNDE1N1wifSJ9
47,SAS Institute,eyJlbXBsb3llcjowIjoie1wibmFtZVwiOlwidXNlcnNfZW1wbG95ZXJcIixcImFyZ3NcIjpcIjMyODM2MDE5NzIzMjY1MlwifSJ9
48,CoverMyMeds,eyJlbXBsb3llcjowIjoie1wibmFtZVwiOlwidXNlcnNfZW1wbG95ZXJcIixcImFyZ3NcIjpcIjEzMDY5ODE4MzYxNjEwNlwifSJ9
49,Dropbox,eyJlbXBsb3llcjowIjoie1wibmFtZVwiOlwidXNlcnNfZW1wbG95ZXJcIixcImFyZ3NcIjpcIjE5ODkxMDYxNzU1XCJ9In0%3D
50,Comcast NBCUniversal,eyJlbXBsb3llcjowIjoie1wibmFtZVwiOlwidXNlcnNfZW1wbG95ZXJcIixcImFyZ3NcIjpcIjM0NTUzMzE1ODg2MTc0MlwifSJ9
51,Burns & McDonnell,eyJlbXBsb3llcjowIjoie1wibmFtZVwiOlwidXNlcnNfZW1wbG95ZXJcIixcImFyZ3NcIjpcIjEwODEyNjAzNTg4MjQ3OFwifSJ9
52,Ryan,eyJlbXBsb3llcjowIjoie1wibmFtZVwiOlwidXNlcnNfZW1wbG95ZXJcIixcImFyZ3NcIjpcIjI3OTMxNDcyMjI1ODIyMlwifSJ9
53,Regeneron Pharmaceuticals,eyJlbXBsb3llcjowIjoie1wibmFtZVwiOlwidXNlcnNfZW1wbG95ZXJcIixcImFyZ3NcIjpcIjE2ODIwNTU1MzE5MDYwMVwifSJ9
54,Credit Acceptance Corporation,eyJlbXBsb3llcjowIjoie1wibmFtZVwiOlwidXNlcnNfZW1wbG95ZXJcIixcImFyZ3NcIjpcIjE2ODY3ODQzOTg0MjM4OFwifSJ9
55,Bain & Co.,eyJlbXBsb3llcjowIjoie1wibmFtZVwiOlwidXNlcnNfZW1wbG95ZXJcIixcImFyZ3NcIjpcIjE2MzM4MTA1NzE0ODgzNVwifSJ9
56,Box,eyJlbXBsb3llcjowIjoie1wibmFtZVwiOlwidXNlcnNfZW1wbG95ZXJcIixcImFyZ3NcIjpcIjEwMTkzODY3NTIyODg1NlwifSJ9
57,Genentech,eyJlbXBsb3llcjowIjoie1wibmFtZVwiOlwidXNlcnNfZW1wbG95ZXJcIixcImFyZ3NcIjpcIjEzNDc0MzUyOTU3NVwifSJ9
58,CHG Healthcare,eyJlbXBsb3llcjowIjoie1wibmFtZVwiOlwidXNlcnNfZW1wbG95ZXJcIixcImFyZ3NcIjpcIjEwMDE5MTk2MjE4NDMwN1wifSJ9
59,Novo Nordisk,eyJlbXBsb3llcjowIjoie1wibmFtZVwiOlwidXNlcnNfZW1wbG95ZXJcIixcImFyZ3NcIjpcIjExNTA2MDE1OTkzMDYzNVwifSJ9
60,Bright Horizons Family Solutions,eyJlbXBsb3llcjowIjoie1wibmFtZVwiOlwidXNlcnNfZW1wbG95ZXJcIixcImFyZ3NcIjpcIjExNTA2MDE1OTkzMDYzNVwifSJ9
61,First American Financial Corp.,eyJlbXBsb3llcjowIjoie1wibmFtZVwiOlwidXNlcnNfZW1wbG95ZXJcIixcImFyZ3NcIjpcIjEwMjA0NzYwMTU3MDA1N1wifSJ9
62,Bank of America,eyJlbXBsb3llcjowIjoie1wibmFtZVwiOlwidXNlcnNfZW1wbG95ZXJcIixcImFyZ3NcIjpcIjI4MDQ1NzIyMTk4MDEwOVwifSJ9
0,DHL Express,eyJlbXBsb3llcjowIjoie1wibmFtZVwiOlwidXNlcnNfZW1wbG95ZXJcIixcImFyZ3NcIjpcIjE5NDU1NjU0NzcyMDUzM1wifSJ9
1,Hilton,eyJlbXBsb3llcjowIjoie1wibmFtZVwiOlwidXNlcnNfZW1wbG95ZXJcIixcImFyZ3NcIjpcIjY1Nzk0Njc2NzY2MzM4N1wifSJ9
2,Salesforce,eyJlbXBsb3llcjowIjoie1wibmFtZVwiOlwidXNlcnNfZW1wbG95ZXJcIixcImFyZ3NcIjpcIjk0MzU1NzA3MjM5MTMyMVwifSJ9
3,Stryker Corporation,eyJlbXBsb3llcjowIjoie1wibmFtZVwiOlwidXNlcnNfZW1wbG95ZXJcIixcImFyZ3NcIjpcIjEwMzE1NjMwNjM5MTY1N1wifSJ9
4,"Mars, Incorporated",eyJlbXBsb3llcjowIjoie1wibmFtZVwiOlwidXNlcnNfZW1wbG95ZXJcIixcImFyZ3NcIjpcIjIxMTA5NTM4MjI1NjAyM1wifSJ9
5,The Adecco Group,eyJlbXBsb3llcjowIjoie1wibmFtZVwiOlwidXNlcnNfZW1wbG95ZXJcIixcImFyZ3NcIjpcIjI3NDYxMTcwOTMxNjcwOFwifSJ9
6,Mercado Libre,eyJlbXBsb3llcjowIjoie1wibmFtZVwiOlwidXNlcnNfZW1wbG95ZXJcIixcImFyZ3NcIjpcIjIzMjIxOTk1MDExXCJ9In0%3D
7,SAS Institute,eyJlbXBsb3llcjowIjoie1wibmFtZVwiOlwidXNlcnNfZW1wbG95ZXJcIixcImFyZ3NcIjpcIjMyODM2MDE5NzIzMjY1MlwifSJ9
8,EY,eyJlbXBsb3llcjowIjoie1wibmFtZVwiOlwidXNlcnNfZW1wbG95ZXJcIixcImFyZ3NcIjpcIjE2ODg5MjUwOTgyMTk2MVwifSJ9
9,"Intuit, Inc.",eyJlbXBsb3llcjowIjoie1wibmFtZVwiOlwidXNlcnNfZW1wbG95ZXJcIixcImFyZ3NcIjpcIjEwMDIyMDY3ODM4Mzc2N1wifSJ9
10,SAP SE,eyJlbXBsb3llcjowIjoie1wibmFtZVwiOlwidXNlcnNfZW1wbG95ZXJcIixcImFyZ3NcIjpcIjI5MjY2MTQyNzczNTQ2MFwifSJ9
11,Adobe,eyJlbXBsb3llcjowIjoie1wibmFtZVwiOlwidXNlcnNfZW1wbG95ZXJcIixcImFyZ3NcIjpcIjIxMjA0MDU3OTM5Mjk1MlwifSJ9
12,Admiral Group plc,eyJlbXBsb3llcjowIjoie1wibmFtZVwiOlwidXNlcnNfZW1wbG95ZXJcIixcImFyZ3NcIjpcIjExNDcxNzc2NDA0NTczNVwifSJ9
13,AbbVie,eyJlbXBsb3llcjowIjoie1wibmFtZVwiOlwidXNlcnNfZW1wbG95ZXJcIixcImFyZ3NcIjpcIjEyMTM4NzkzOTUzMjIxMDBcIn0ifQ%3D%3D
14,Dell Technologies,eyJlbXBsb3llcjowIjoie1wibmFtZVwiOlwidXNlcnNfZW1wbG95ZXJcIixcImFyZ3NcIjpcIjMzODg2NTg5OTc4NjYzOFwifSJ9
15,Cadence,eyJlbXBsb3llcjowIjoie1wibmFtZVwiOlwidXNlcnNfZW1wbG95ZXJcIixcImFyZ3NcIjpcIjI4ODMzODczNDU1MjUxNFwifSJ9
16,"Marriott International, Inc.",eyJlbXBsb3llcjowIjoie1wibmFtZVwiOlwidXNlcnNfZW1wbG95ZXJcIixcImFyZ3NcIjpcIjEwNjA0NDMxOTQzNDA2NVwifSJ9
17,Volvo Group,eyJlbXBsb3llcjowIjoie1wibmFtZVwiOlwidXNlcnNfZW1wbG95ZXJcIixcImFyZ3NcIjpcIjUxMzk2NzU5MjA1NTExMlwifSJ9
18,Deloitte,eyJlbXBsb3llcjowIjoie1wibmFtZVwiOlwidXNlcnNfZW1wbG95ZXJcIixcImFyZ3NcIjpcIjQ2NTMzMDA2NjgzMDc1M1wifSJ9
19,Santander,eyJlbXBsb3llcjowIjoie1wibmFtZVwiOlwidXNlcnNfZW1wbG95ZXJcIixcImFyZ3NcIjpcIjE2MDM4NTE4NzMyNjExMFwifSJ9
20,Natura,eyJlbXBsb3llcjowIjoie1wibmFtZVwiOlwidXNlcnNfZW1wbG95ZXJcIixcImFyZ3NcIjpcIjE1Mjk3OTk1MTczNDkxMjlcIn0ifQ%3D%3D
21,Scotiabank,eyJlbXBsb3llcjowIjoie1wibmFtZVwiOlwidXNlcnNfZW1wbG95ZXJcIixcImFyZ3NcIjpcIjE0NDY1ODcwNTU1MDczNFwifSJ9
22,Synpulse,eyJlbXBsb3llcjowIjoie1wibmFtZVwiOlwidXNlcnNfZW1wbG95ZXJcIixcImFyZ3NcIjpcIjEwMTkwMjU4ODY3MTk3NFwifSJ9
23,Microsoft,eyJlbXBsb3llcjowIjoie1wibmFtZVwiOlwidXNlcnNfZW1wbG95ZXJcIixcImFyZ3NcIjpcIjI2MTA2MDYyNzM4NDYzNFwifSJ9
24,Yahoo,eyJlbXBsb3llcjowIjoie1wibmFtZVwiOlwidXNlcnNfZW1wbG95ZXJcIixcImFyZ3NcIjpcIjEwODAwMzE2MDYzMDY4N1wifSJ9
25,Hilton,eyJlbXBsb3llcjowIjoie1wibmFtZVwiOlwidXNlcnNfZW1wbG95ZXJcIixcImFyZ3NcIjpcIjEwODAwMzE2MDYzMDY4N1wifSJ9
26,Amazon,eyJlbXBsb3llcjowIjoie1wibmFtZVwiOlwidXNlcnNfZW1wbG95ZXJcIixcImFyZ3NcIjpcIjk0NjUwMDgxMjNcIn0ifQ%3D%3D
27,Samsung,eyJlbXBsb3llcjowIjoie1wibmFtZVwiOlwidXNlcnNfZW1wbG95ZXJcIixcImFyZ3NcIjpcIjExMDI4NTE4MzkzMTk0NFwifSJ9
28,PayPal,eyJlbXBsb3llcjowIjoie1wibmFtZVwiOlwidXNlcnNfZW1wbG95ZXJcIixcImFyZ3NcIjpcIjI1OTUwNTkwODI4NzA0OFwifSJ9
29,PayTm,eyJlbXBsb3llcjowIjoie1wibmFtZVwiOlwidXNlcnNfZW1wbG95ZXJcIixcImFyZ3NcIjpcIjEzNzcyNTMxNjI5MzA0OFwifSJ9
30,Synergy Labs,eyJlbXBsb3llcjowIjoie1wibmFtZVwiOlwidXNlcnNfZW1wbG95ZXJcIixcImFyZ3NcIjpcIjg1NTM5NjU5Nzg0Mjc4NFwifSJ9
31,Ultimate Software,eyJlbXBsb3llcjowIjoie1wibmFtZVwiOlwidXNlcnNfZW1wbG95ZXJcIixcImFyZ3NcIjpcIjIyMTQyNTAzNzg3Njc5NlwifSJ9
32,Directi,eyJlbXBsb3llcjowIjoie1wibmFtZVwiOlwidXNlcnNfZW1wbG95ZXJcIixcImFyZ3NcIjpcIjE0MjQ2NTkyMzQ0MjQ0OTZcIn0ifQ%3D%3D
33,American Express,eyJlbXBsb3llcjowIjoie1wibmFtZVwiOlwidXNlcnNfZW1wbG95ZXJcIixcImFyZ3NcIjpcIjE0MDkyNTM4NTk3MjEzNlwifSJ9
34,Bloomberg,eyJlbXBsb3llcjowIjoie1wibmFtZVwiOlwidXNlcnNfZW1wbG95ZXJcIixcImFyZ3NcIjpcIjE2OTExMjA0NjQ1ODc1NVwifSJ9
35,VMware,eyJlbXBsb3llcjowIjoie1wibmFtZVwiOlwidXNlcnNfZW1wbG95ZXJcIixcImFyZ3NcIjpcIjY5NzU5NjA5NzNcIn0ifQ%3D%3D
36,Wegmans Food Markets,eyJlbXBsb3llcjowIjoie1wibmFtZVwiOlwidXNlcnNfZW1wbG95ZXJcIixcImFyZ3NcIjpcIjEwNjA4MzY0OTQzMTMxM1wifSJ9
37,JPMorgan,eyJlbXBsb3llcjowIjoie1wibmFtZVwiOlwidXNlcnNfZW1wbG95ZXJcIixcImFyZ3NcIjpcIjExNDY1MTkxMjYxXCJ9In0%3D
38,SnapChat,eyJlbXBsb3llcjowIjoie1wibmFtZVwiOlwidXNlcnNfZW1wbG95ZXJcIixcImFyZ3NcIjpcIjI5OTA1NDYzMzU0MTMyMVwifSJ9
39,Zillow,eyJlbXBsb3llcjowIjoie1wibmFtZVwiOlwidXNlcnNfZW1wbG95ZXJcIixcImFyZ3NcIjpcIjcxMjkzODg1OTNcIn0ifQ%3D%3D
40,Hilton,eyJlbXBsb3llcjowIjoie1wibmFtZVwiOlwidXNlcnNfZW1wbG95ZXJcIixcImFyZ3NcIjpcIjY1Nzk0Njc2NzY2MzM4N1wifSJ9
41,Ultimate Software,eyJlbXBsb3llcjowIjoie1wibmFtZVwiOlwidXNlcnNfZW1wbG95ZXJcIixcImFyZ3NcIjpcIjIyMTQyNTAzNzg3Njc5NlwifSJ9
42,Wegmans Food Markets,eyJlbXBsb3llcjowIjoie1wibmFtZVwiOlwidXNlcnNfZW1wbG95ZXJcIixcImFyZ3NcIjpcIjEwNjA4MzY0OTQzMTMxM1wifSJ9
